{"cameraMode":{"drawMode":0,"name":"Shaded","section":"Shading Mode"},"sceneLighting":false,"audioPlay":false,"sceneViewState":{"m_AlwaysRefresh":false,"showFog":true,"showSkybox":false,"showFlares":true,"showImageEffects":true,"showParticleSystems":true,"showVisualEffectGraphs":true,"m_FxEnabled":true},"in2DMode":false,"pivot":{"x":4.719394683837891,"y":0.2681311368942261,"z":1.1500015258789063},"rotation":{"x":-0.09404278546571732,"y":-0.030928652733564378,"z":0.0033023878931999208,"w":-0.995311975479126},"size":2.3344857692718508,"orthographic":false}