{"cameraMode":{"drawMode":0,"name":"Shaded","section":"Shading Mode"},"sceneLighting":true,"audioPlay":false,"sceneViewState":{"m_AlwaysRefresh":false,"showFog":true,"showSkybox":true,"showFlares":true,"showImageEffects":true,"showParticleSystems":true,"showVisualEffectGraphs":true,"m_FxEnabled":true},"in2DMode":false,"pivot":{"x":1490.91650390625,"y":782.3049926757813,"z":162.94326782226563},"rotation":{"x":0.03012043982744217,"y":0.10802340507507324,"z":0.0032629556953907015,"w":-0.9937204718589783},"size":404.81427001953127,"orthographic":false}