{"cameraMode":{"drawMode":0,"name":"Shaded","section":"Shading Mode"},"sceneLighting":false,"audioPlay":false,"sceneViewState":{"m_AlwaysRefresh":false,"showFog":true,"showSkybox":false,"showFlares":true,"showImageEffects":true,"showParticleSystems":true,"showVisualEffectGraphs":true,"m_FxEnabled":true},"in2DMode":false,"pivot":{"x":-1.0160541534423829,"y":0.747284471988678,"z":0.24295562505722047},"rotation":{"x":-0.6503116488456726,"y":0.16544495522975923,"z":-0.14776648581027986,"w":-0.7267245650291443},"size":1.5650451183319092,"orthographic":false}